Workbook

Sheet Sheet1
A1: gender | B1: risk_class | C1: aggregated | D1: workbook | E1: Sheet | F1: address | H1: rate
A2: M | B2: Super-Pref NS | C2: =ROW($B$10) -> 10 | D2: 2001-cso-preferred-class-structure-mortality-tables.xls | E2: A.1.a.i | F2: B8 | G2: AA8 | H2: 0.001 | J2: Attachment A.1.a.i | K2: 2001 CSO Super Preferred Select & Ultimate ANB - Male Nonsmoker
A3: M | B3: Pref Best NS | C3: =ROW($B$10) -> 10 | D3: 2001-cso-preferred-class-structure-mortality-tables.xls | E3: A.1.a.ii | F3: B8 | G3: AA8 | H3: 0.001 | J3: Attachment A.1.a.ii | K3: 2001 CSO Preferred Select & Ultimate ANB - Male Nonsmoker
A4: M | B4: Pref Resid NS | C4: =ROW($B$10) -> 10 | D4: 2001-cso-preferred-class-structure-mortality-tables.xls | E4: A.1.a.ii | F4: B8 | G4: AA8 | H4: 0.001 | J4: Attachment A.1.a.ii | K4: 2001 CSO Preferred Select & Ultimate ANB - Male Nonsmoker
A5: M | B5: Non-Pref NS | C5: =ROW($B$10) -> 10 | D5: 2001-cso-preferred-class-structure-mortality-tables.xls | E5: A.1.a.iii | F5: B8 | G5: AA8 | H5: 0.001 | J5: Attachment A.1.a.iii | K5: 2001 CSO Residual Standard Select & Ultimate ANB - Male Nonsmoker
A6: M | B6: Undiff NS | C6: =ROW($B$10) -> 10 | D6: t1137.xlsx | E6: Sheet1 | F6: B25 | G6: B139 | H6: 1 | J6: 1137 | K6: 2001 CSO Select and Ultimate - Male Nonsmoker, ANB
A7: M | B7: Pref SM | C7: =ROW($B$10) -> 10 | D7: 2001-cso-preferred-class-structure-mortality-tables.xls | E7: A.1.a.iv | F7: B8 | G7: AA8 | H7: 0.001 | J7: Attachment A.1.a.iv | K7: 2001 CSO Preferred Select & Ultimate ANB - Male Smoker
A8: M | B8: Non-Pref SM | C8: =ROW($B$10) -> 10 | D8: 2001-cso-preferred-class-structure-mortality-tables.xls | E8: A.1.a.v | F8: B8 | G8: AA8 | H8: 0.001 | J8: Attachment A.1.a.v | K8: 2001 CSO Residual Standard Select & Ultimate ANB - Male Smoker
A9: M | B9: Undiff SM | C9: =ROW($B$10) -> 10 | D9: t1138.xlsx | E9: Sheet1 | F9: B25 | G9: B139 | H9: 1 | J9: 1138 | K9: 2001 CSO Select and Ultimate - Male Smoker, ANB
A10: M | B10: Agg/Unknown | C10: =ROW($B$10) -> 10 | D10: t1136.xlsx | E10: Sheet1 | F10: B25 | G10: B139 | H10: 1 | J10: 1136 | K10: 2001 CSO Select and Ultimate – Male Composite, ANB
A11: F | B11: Super-Pref NS | C11: =ROW($B$19) -> 19 | D11: 2001-cso-preferred-class-structure-mortality-tables.xls | E11: A.1.b.i | F11: B8 | G11: AA8 | H11: 0.001 | J11: Attachment A.1.b.i | K11: 2001 CSO Super Preferred Select & Ultimate ANB - Female Nonsmoker
A12: F | B12: Pref Best NS | C12: =ROW($B$19) -> 19 | D12: 2001-cso-preferred-class-structure-mortality-tables.xls | E12: A.1.b.ii | F12: B8 | G12: AA8 | H12: 0.001 | J12: Attachment A.1.b.ii | K12: 2001 CSO Preferred Select & Ultimate ANB - Female Nonsmoker
A13: F | B13: Pref Resid NS | C13: =ROW($B$19) -> 19 | D13: 2001-cso-preferred-class-structure-mortality-tables.xls | E13: A.1.b.ii | F13: B8 | G13: AA8 | H13: 0.001 | J13: Attachment A.1.b.ii | K13: 2001 CSO Preferred Select & Ultimate ANB - Female Nonsmoker
A14: F | B14: Non-Pref NS | C14: =ROW($B$19) -> 19 | D14: 2001-cso-preferred-class-structure-mortality-tables.xls | E14: A.1.b.iii | F14: B8 | G14: AA8 | H14: 0.001 | J14: Attachment A.1.b.iii | K14: 2001 CSO Residual Standard Select & Ultimate ANB - Female Nonsmoker
A15: F | B15: Undiff NS | C15: =ROW($B$19) -> 19 | D15: t1140.xlsx | E15: Sheet1 | F15: B25 | G15: B139 | H15: 1 | J15: 1140 | K15: 2001 CSO Select and Ultimate - Female Nonsmoker, ANB
A16: F | B16: Pref SM | C16: =ROW($B$19) -> 19 | D16: 2001-cso-preferred-class-structure-mortality-tables.xls | E16: A.1.b.iv | F16: B8 | G16: AA8 | H16: 0.001 | J16: Attachment A.1.b.iv | K16: 2001 CSO Preferred Select & Ultimate ANB - Female Smoker
A17: F | B17: Non-Pref SM | C17: =ROW($B$19) -> 19 | D17: 2001-cso-preferred-class-structure-mortality-tables.xls | E17: A.1.b.v | F17: B8 | G17: AA8 | H17: 0.001 | J17: Attachment A.1.b.v | K17: 2001 CSO Residual Standard Select & Ultimate ANB - Female Smoker
A18: F | B18: Undiff SM | C18: =ROW($B$19) -> 19 | D18: t1141.xlsx | E18: Sheet1 | F18: B25 | G18: B139 | H18: 1 | J18: 1141 | K18: 2001 CSO Select and Ultimate - Female Smoker, ANB
A19: F | B19: Agg/Unknown | C19: =ROW($B$19) -> 19 | D19: t1139.xlsx | E19: Sheet1 | F19: B25 | G19: B139 | H19: 1 | J19: 1139 | K19: 2001 CSO Select and Ultimate - Female Composite, ANB
C20: =ROW($B$19) -> 19

Sheet Dur6
A1: gender | B1: risk_class | C1: issue_age | D1: mortality | F1: row | G1: row(aggregated) | H1: workbook | I1: Sheet | J1: address | K1: rate | L1: offset_row | M1: offset_col | N1: issue_age | O1: issue_age_estimated
A2: {=INDEX(Sheet1!A:A,$F2)} -> M | B2: {=INDEX(Sheet1!B:B,$F2)} -> Super-Pref NS | C2: 0 | D2: {=OFFSET(INDIRECT("'["&$H2&"]"&$I2&"'!"&$J2),$L2,$M2)*$K2} -> 0.00021 | F2: 2 | G2: {=IF($C2+$M2<16,INDEX(Sheet1!C:C,$F2),$F2)} -> 10 | H2: {=INDEX(Sheet1!D:D,$G2)} -> t1136.xlsx | I2: {=INDEX(Sheet1!E:E,$G2)} -> Sheet1 | J2: {=INDEX(Sheet1!F:F,$G2)} -> B25 | K2: {=INDEX(Sheet1!H:H,$G2)} -> 1 | L2: =C2 -> 0 | M2: 5 | N2: 10 | O2: 10 | P2: not available preferred table on age < 11
A3: {=INDEX(Sheet1!A:A,$F3)} -> M | B3: {=INDEX(Sheet1!B:B,$F3)} -> Super-Pref NS | C3: =IF(C2=99,0,C2+1) -> 1 | D3: {=OFFSET(INDIRECT("'["&$H3&"]"&$I3&"'!"&$J3),$L3,$M3)*$K3} -> 0.00021 | F3: =IF(C3=0,1,0)+F2 -> 2 | G3: {=IF($C3+$M3<16,INDEX(Sheet1!C:C,$F3),$F3)} -> 10 | H3: {=INDEX(Sheet1!D:D,$G3)} -> t1136.xlsx | I3: {=INDEX(Sheet1!E:E,$G3)} -> Sheet1 | J3: {=INDEX(Sheet1!F:F,$G3)} -> B25 | K3: {=INDEX(Sheet1!H:H,$G3)} -> 1 | L3: =C3 -> 1 | M3: =M$2 -> 5 | N3: 20 | O3: 26
A4: {=INDEX(Sheet1!A:A,$F4)} -> M | B4: {=INDEX(Sheet1!B:B,$F4)} -> Super-Pref NS | C4: =IF(C3=99,0,C3+1) -> 2 | D4: {=OFFSET(INDIRECT("'["&$H4&"]"&$I4&"'!"&$J4),$L4,$M4)*$K4} -> 0.00021 | F4: =IF(C4=0,1,0)+F3 -> 2 | G4: {=IF($C4+$M4<16,INDEX(Sheet1!C:C,$F4),$F4)} -> 10 | H4: {=INDEX(Sheet1!D:D,$G4)} -> t1136.xlsx | I4: {=INDEX(Sheet1!E:E,$G4)} -> Sheet1 | J4: {=INDEX(Sheet1!F:F,$G4)} -> B25 | K4: {=INDEX(Sheet1!H:H,$G4)} -> 1 | L4: =C4 -> 2 | M4: =M$2 -> 5 | N4: 30 | O4: 35
A5: {=INDEX(Sheet1!A:A,$F5)} -> M | B5: {=INDEX(Sheet1!B:B,$F5)} -> Super-Pref NS | C5: =IF(C4=99,0,C4+1) -> 3 | D5: {=OFFSET(INDIRECT("'["&$H5&"]"&$I5&"'!"&$J5),$L5,$M5)*$K5} -> 0.00021 | F5: =IF(C5=0,1,0)+F4 -> 2 | G5: {=IF($C5+$M5<16,INDEX(Sheet1!C:C,$F5),$F5)} -> 10 | H5: {=INDEX(Sheet1!D:D,$G5)} -> t1136.xlsx | I5: {=INDEX(Sheet1!E:E,$G5)} -> Sheet1 | J5: {=INDEX(Sheet1!F:F,$G5)} -> B25 | K5: {=INDEX(Sheet1!H:H,$G5)} -> 1 | L5: =C5 -> 3 | M5: =M$2 -> 5 | N5: 40 | O5: 44
A6: {=INDEX(Sheet1!A:A,$F6)} -> M | B6: {=INDEX(Sheet1!B:B,$F6)} -> Super-Pref NS | C6: =IF(C5=99,0,C5+1) -> 4 | D6: {=OFFSET(INDIRECT("'["&$H6&"]"&$I6&"'!"&$J6),$L6,$M6)*$K6} -> 0.00021 | F6: =IF(C6=0,1,0)+F5 -> 2 | G6: {=IF($C6+$M6<16,INDEX(Sheet1!C:C,$F6),$F6)} -> 10 | H6: {=INDEX(Sheet1!D:D,$G6)} -> t1136.xlsx | I6: {=INDEX(Sheet1!E:E,$G6)} -> Sheet1 | J6: {=INDEX(Sheet1!F:F,$G6)} -> B25 | K6: {=INDEX(Sheet1!H:H,$G6)} -> 1 | L6: =C6 -> 4 | M6: =M$2 -> 5 | N6: 50 | O6: 54
A7: {=INDEX(Sheet1!A:A,$F7)} -> M | B7: {=INDEX(Sheet1!B:B,$F7)} -> Super-Pref NS | C7: =IF(C6=99,0,C6+1) -> 5 | D7: {=OFFSET(INDIRECT("'["&$H7&"]"&$I7&"'!"&$J7),$L7,$M7)*$K7} -> 0.00021 | F7: =IF(C7=0,1,0)+F6 -> 2 | G7: {=IF($C7+$M7<16,INDEX(Sheet1!C:C,$F7),$F7)} -> 10 | H7: {=INDEX(Sheet1!D:D,$G7)} -> t1136.xlsx | I7: {=INDEX(Sheet1!E:E,$G7)} -> Sheet1 | J7: {=INDEX(Sheet1!F:F,$G7)} -> B25 | K7: {=INDEX(Sheet1!H:H,$G7)} -> 1 | L7: =C7 -> 5 | M7: =M$2 -> 5 | N7: 60 | O7: 63
A8: {=INDEX(Sheet1!A:A,$F8)} -> M | B8: {=INDEX(Sheet1!B:B,$F8)} -> Super-Pref NS | C8: =IF(C7=99,0,C7+1) -> 6 | D8: {=OFFSET(INDIRECT("'["&$H8&"]"&$I8&"'!"&$J8),$L8,$M8)*$K8} -> 0.00021 | F8: =IF(C8=0,1,0)+F7 -> 2 | G8: {=IF($C8+$M8<16,INDEX(Sheet1!C:C,$F8),$F8)} -> 10 | H8: {=INDEX(Sheet1!D:D,$G8)} -> t1136.xlsx | I8: {=INDEX(Sheet1!E:E,$G8)} -> Sheet1 | J8: {=INDEX(Sheet1!F:F,$G8)} -> B25 | K8: {=INDEX(Sheet1!H:H,$G8)} -> 1 | L8: =C8 -> 6 | M8: =M$2 -> 5 | N8: 70 | O8: 72
A9: {=INDEX(Sheet1!A:A,$F9)} -> M | B9: {=INDEX(Sheet1!B:B,$F9)} -> Super-Pref NS | C9: =IF(C8=99,0,C8+1) -> 7 | D9: {=OFFSET(INDIRECT("'["&$H9&"]"&$I9&"'!"&$J9),$L9,$M9)*$K9} -> 0.00024 | F9: =IF(C9=0,1,0)+F8 -> 2 | G9: {=IF($C9+$M9<16,INDEX(Sheet1!C:C,$F9),$F9)} -> 10 | H9: {=INDEX(Sheet1!D:D,$G9)} -> t1136.xlsx | I9: {=INDEX(Sheet1!E:E,$G9)} -> Sheet1 | J9: {=INDEX(Sheet1!F:F,$G9)} -> B25 | K9: {=INDEX(Sheet1!H:H,$G9)} -> 1 | L9: =C9 -> 7 | M9: =M$2 -> 5
A10: {=INDEX(Sheet1!A:A,$F10)} -> M | B10: {=INDEX(Sheet1!B:B,$F10)} -> Super-Pref NS | C10: =IF(C9=99,0,C9+1) -> 8 | D10: {=OFFSET(INDIRECT("'["&$H10&"]"&$I10&"'!"&$J10),$L10,$M10)*$K10} -> 0.00028 | F10: =IF(C10=0,1,0)+F9 -> 2 | G10: {=IF($C10+$M10<16,INDEX(Sheet1!C:C,$F10),$F10)} -> 10 | H10: {=INDEX(Sheet1!D:D,$G10)} -> t1136.xlsx | I10: {=INDEX(Sheet1!E:E,$G10)} -> Sheet1 | J10: {=INDEX(Sheet1!F:F,$G10)} -> B25 | K10: {=INDEX(Sheet1!H:H,$G10)} -> 1 | L10: =C10 -> 8 | M10: =M$2 -> 5
A11: {=INDEX(Sheet1!A:A,$F11)} -> M | B11: {=INDEX(Sheet1!B:B,$F11)} -> Super-Pref NS | C11: =IF(C10=99,0,C10+1) -> 9 | D11: {=OFFSET(INDIRECT("'["&$H11&"]"&$I11&"'!"&$J11),$L11,$M11)*$K11} -> 0.00033 | F11: =IF(C11=0,1,0)+F10 -> 2 | G11: {=IF($C11+$M11<16,INDEX(Sheet1!C:C,$F11),$F11)} -> 10 | H11: {=INDEX(Sheet1!D:D,$G11)} -> t1136.xlsx | I11: {=INDEX(Sheet1!E:E,$G11)} -> Sheet1 | J11: {=INDEX(Sheet1!F:F,$G11)} -> B25 | K11: {=INDEX(Sheet1!H:H,$G11)} -> 1 | L11: =C11 -> 9 | M11: =M$2 -> 5
A12: {=INDEX(Sheet1!A:A,$F12)} -> M | B12: {=INDEX(Sheet1!B:B,$F12)} -> Super-Pref NS | C12: =IF(C11=99,0,C11+1) -> 10 | D12: {=OFFSET(INDIRECT("'["&$H12&"]"&$I12&"'!"&$J12),$L12,$M12)*$K12} -> 0.00043 | F12: =IF(C12=0,1,0)+F11 -> 2 | G12: {=IF($C12+$M12<16,INDEX(Sheet1!C:C,$F12),$F12)} -> 10 | H12: {=INDEX(Sheet1!D:D,$G12)} -> t1136.xlsx | I12: {=INDEX(Sheet1!E:E,$G12)} -> Sheet1 | J12: {=INDEX(Sheet1!F:F,$G12)} -> B25 | K12: {=INDEX(Sheet1!H:H,$G12)} -> 1 | L12: =C12 -> 10 | M12: =M$2 -> 5
A13: {=INDEX(Sheet1!A:A,$F13)} -> M | B13: {=INDEX(Sheet1!B:B,$F13)} -> Super-Pref NS | C13: =IF(C12=99,0,C12+1) -> 11 | D13: {=OFFSET(INDIRECT("'["&$H13&"]"&$I13&"'!"&$J13),$L13,$M13)*$K13} -> 0.00036 | F13: =IF(C13=0,1,0)+F12 -> 2 | G13: {=IF($C13+$M13<16,INDEX(Sheet1!C:C,$F13),$F13)} -> 2 | H13: {=INDEX(Sheet1!D:D,$G13)} -> 2001-cso-preferred-class-structure-mortality-tables.xls | I13: {=INDEX(Sheet1!E:E,$G13)} -> A.1.a.i | J13: {=INDEX(Sheet1!F:F,$G13)} -> B8 | K13: {=INDEX(Sheet1!H:H,$G13)} -> 0.001 | L13: =C13 -> 11 | M13: =M$2 -> 5
A14: {=INDEX(Sheet1!A:A,$F14)} -> M | B14: {=INDEX(Sheet1!B:B,$F14)} -> Super-Pref NS | C14: =IF(C13=99,0,C13+1) -> 12 | D14: {=OFFSET(INDIRECT("'["&$H14&"]"&$I14&"'!"&$J14),$L14,$M14)*$K14} -> 0.00042 | F14: =IF(C14=0,1,0)+F13 -> 2 | G14: {=IF($C14+$M14<16,INDEX(Sheet1!C:C,$F14),$F14)} -> 2 | H14: {=INDEX(Sheet1!D:D,$G14)} -> 2001-cso-preferred-class-structure-mortality-tables.xls | I14: {=INDEX(Sheet1!E:E,$G14)} -> A.1.a.i | J14: {=INDEX(Sheet1!F:F,$G14)} -> B8 | K14: {=INDEX(Sheet1!H:H,$G14)} -> 0.001 | L14: =C14 -> 12 | M14: =M$2 -> 5
A15: {=INDEX(Sheet1!A:A,$F15)} -> M | B15: {=INDEX(Sheet1!B:B,$F15)} -> Super-Pref NS | C15: =IF(C14=99,0,C14+1) -> 13 | D15: {=OFFSET(INDIRECT("'["&$H15&"]"&$I15&"'!"&$J15),$L15,$M15)*$K15} -> 0.00046 | F15: =IF(C15=0,1,0)+F14 -> 2 | G15: {=IF($C15+$M15<16,INDEX(Sheet1!C:C,$F15),$F15)} -> 2 | H15: {=INDEX(Sheet1!D:D,$G15)} -> 2001-cso-preferred-class-structure-mortality-tables.xls | I15: {=INDEX(Sheet1!E:E,$G15)} -> A.1.a.i | J15: {=INDEX(Sheet1!F:F,$G15)} -> B8 | K15: {=INDEX(Sheet1!H:H,$G15)} -> 0.001 | L15: =C15 -> 13 | M15: =M$2 -> 5
A16: {=INDEX(Sheet1!A:A,$F16)} -> M | B16: {=INDEX(Sheet1!B:B,$F16)} -> Super-Pref NS | C16: =IF(C15=99,0,C15+1) -> 14 | D16: {=OFFSET(INDIRECT("'["&$H16&"]"&$I16&"'!"&$J16),$L16,$M16)*$K16} -> 0.00048 | F16: =IF(C16=0,1,0)+F15 -> 2 | G16: {=IF($C16+$M16<16,INDEX(Sheet1!C:C,$F16),$F16)} -> 2 | H16: {=INDEX(Sheet1!D:D,$G16)} -> 2001-cso-preferred-class-structure-mortality-tables.xls | I16: {=INDEX(Sheet1!E:E,$G16)} -> A.1.a.i | J16: {=INDEX(Sheet1!F:F,$G16)} -> B8 | K16: {=INDEX(Sheet1!H:H,$G16)} -> 0.001 | L16: =C16 -> 14 | M16: =M$2 -> 5
A17: {=INDEX(Sheet1!A:A,$F17)} -> M | B17: {=INDEX(Sheet1!B:B,$F17)} -> Super-Pref NS | C17: =IF(C16=99,0,C16+1) -> 15 | D17: {=OFFSET(INDIRECT("'["&$H17&"]"&$I17&"'!"&$J17),$L17,$M17)*$K17} -> 0.00047 | F17: =IF(C17=0,1,0)+F16 -> 2 | G17: {=IF($C17+$M17<16,INDEX(Sheet1!C:C,$F17),$F17)} -> 2 | H17: {=INDEX(Sheet1!D:D,$G17)} -> 2001-cso-preferred-class-structure-mortality-tables.xls | I17: {=INDEX(Sheet1!E:E,$G17)} -> A.1.a.i | J17: {=INDEX(Sheet1!F:F,$G17)} -> B8 | K17: {=INDEX(Sheet1!H:H,$G17)} -> 0.001 | L17: =C17 -> 15 | M17: =M$2 -> 5
A18: {=INDEX(Sheet1!A:A,$F18)} -> M | B18: {=INDEX(Sheet1!B:B,$F18)} -> Super-Pref NS | C18: =IF(C17=99,0,C17+1) -> 16 | D18: {=OFFSET(INDIRECT("'["&$H18&"]"&$I18&"'!"&$J18),$L18,$M18)*$K18} -> 0.00047 | F18: =IF(C18=0,1,0)+F17 -> 2 | G18: {=IF($C18+$M18<16,INDEX(Sheet1!C:C,$F18),$F18)} -> 2 | H18: {=INDEX(Sheet1!D:D,$G18)} -> 2001-cso-preferred-class-structure-mortality-tables.xls | I18: {=INDEX(Sheet1!E:E,$G18)} -> A.1.a.i | J18: {=INDEX(Sheet1!F:F,$G18)} -> B8 | K18: {=INDEX(Sheet1!H:H,$G18)} -> 0.001 | L18: =C18 -> 16 | M18: =M$2 -> 5
A19: {=INDEX(Sheet1!A:A,$F19)} -> M | B19: {=INDEX(Sheet1!B:B,$F19)} -> Super-Pref NS | C19: =IF(C18=99,0,C18+1) -> 17 | D19: {=OFFSET(INDIRECT("'["&$H19&"]"&$I19&"'!"&$J19),$L19,$M19)*$K19} -> 0.00047 | F19: =IF(C19=0,1,0)+F18 -> 2 | G19: {=IF($C19+$M19<16,INDEX(Sheet1!C:C,$F19),$F19)} -> 2 | H19: {=INDEX(Sheet1!D:D,$G19)} -> 2001-cso-preferred-class-structure-mortality-tables.xls | I19: {=INDEX(Sheet1!E:E,$G19)} -> A.1.a.i | J19: {=INDEX(Sheet1!F:F,$G19)} -> B8 | K19: {=INDEX(Sheet1!H:H,$G19)} -> 0.001 | L19: =C19 -> 17 | M19: =M$2 -> 5
A20: {=INDEX(Sheet1!A:A,$F20)} -> M | B20: {=INDEX(Sheet1!B:B,$F20)} -> Super-Pref NS | C20: =IF(C19=99,0,C19+1) -> 18 | D20: {=OFFSET(INDIRECT("'["&$H20&"]"&$I20&"'!"&$J20),$L20,$M20)*$K20} -> 0.00047 | F20: =IF(C20=0,1,0)+F19 -> 2 | G20: {=IF($C20+$M20<16,INDEX(Sheet1!C:C,$F20),$F20)} -> 2 | H20: {=INDEX(Sheet1!D:D,$G20)} -> 2001-cso-preferred-class-structure-mortality-tables.xls | I20: {=INDEX(Sheet1!E:E,$G20)} -> A.1.a.i | J20: {=INDEX(Sheet1!F:F,$G20)} -> B8 | K20: {=INDEX(Sheet1!H:H,$G20)} -> 0.001 | L20: =C20 -> 18 | M20: =M$2 -> 5
... A1801: {=INDEX(Sheet1!A:A,$F1801)} -> F | B1801: {=INDEX(Sheet1!B:B,$F1801)} -> Agg/Unknown | C1801: =IF(C1800=99,0,C1800+1) -> 99 | D1801: {=OFFSET(INDIRECT("'["&$H1801&"]"&$I1801&"'!"&$J1801),$L1801,$M1801)*$K1801} -> 0.30379 | F1801: =IF(C1801=0,1,0)+F1800 -> 19 | G1801: {=IF($C1801+$M1801<16,INDEX(Sheet1!C:C,$F1801),$F1801)} -> 19 | H1801: {=INDEX(Sheet1!D:D,$G1801)} -> t1139.xlsx | I1801: {=INDEX(Sheet1!E:E,$G1801)} -> Sheet1 | J1801: {=INDEX(Sheet1!F:F,$G1801)} -> B25 | K1801: {=INDEX(Sheet1!H:H,$G1801)} -> 1 | L1801: =C1801 -> 99 | M1801: =M$2 -> 5

Sheet Ult
A1: gender | B1: risk_class | C1: age | D1: mortality | F1: row | G1: row(aggregated) | H1: workbook | I1: Sheet | J1: address | K1: rate | L1: offset_row | M1: offset_col | N1: issue_age | O1: issue_age_estimated
A2: {=INDEX(Sheet1!A:A,$F2)} -> M | B2: {=INDEX(Sheet1!B:B,$F2)} -> Super-Pref NS | C2: 0 | D2: {=OFFSET(INDIRECT("'["&$H2&"]"&$I2&"'!"&$J2),$L2,$M2)*$K2} -> 0.00097 | F2: 2 | G2: {=IF($C2>=25,F2,IF($C2<16,INDEX(Sheet1!C:C,$F2),$F2))} -> 10 | H2: {=INDEX(Sheet1!D:D,$G2)} -> t1136.xlsx | I2: {=INDEX(Sheet1!E:E,$G2)} -> Sheet1 | J2: {=IF($C2>=25,INDEX(Sheet1!G:G,$G2),INDEX(Sheet1!F:F,$G2))} -> B25 | K2: {=INDEX(Sheet1!H:H,$G2)} -> 1 | L2: =IF($C2>=25,$C2-25,0) -> 0 | M2: =IF($C2>=25,0,$C2) -> 0 | N2: 10 | O2: 10 | P2: not available preferred table on age < 11
A3: {=INDEX(Sheet1!A:A,$F3)} -> M | B3: {=INDEX(Sheet1!B:B,$F3)} -> Super-Pref NS | C3: =IF(C2=120,0,C2+1) -> 1 | D3: {=OFFSET(INDIRECT("'["&$H3&"]"&$I3&"'!"&$J3),$L3,$M3)*$K3} -> 0.00056 | F3: =IF(C3=0,1,0)+F2 -> 2 | G3: {=IF($C3>=25,F3,IF($C3<16,INDEX(Sheet1!C:C,$F3),$F3))} -> 10 | H3: {=INDEX(Sheet1!D:D,$G3)} -> t1136.xlsx | I3: {=INDEX(Sheet1!E:E,$G3)} -> Sheet1 | J3: {=IF($C3>=25,INDEX(Sheet1!G:G,$G3),INDEX(Sheet1!F:F,$G3))} -> B25 | K3: {=INDEX(Sheet1!H:H,$G3)} -> 1 | L3: =IF($C3>=25,$C3-25,0) -> 0 | M3: =IF($C3>=25,0,$C3) -> 1 | N3: 20 | O3: 26
A4: {=INDEX(Sheet1!A:A,$F4)} -> M | B4: {=INDEX(Sheet1!B:B,$F4)} -> Super-Pref NS | C4: =IF(C3=120,0,C3+1) -> 2 | D4: {=OFFSET(INDIRECT("'["&$H4&"]"&$I4&"'!"&$J4),$L4,$M4)*$K4} -> 0.00039 | F4: =IF(C4=0,1,0)+F3 -> 2 | G4: {=IF($C4>=25,F4,IF($C4<16,INDEX(Sheet1!C:C,$F4),$F4))} -> 10 | H4: {=INDEX(Sheet1!D:D,$G4)} -> t1136.xlsx | I4: {=INDEX(Sheet1!E:E,$G4)} -> Sheet1 | J4: {=IF($C4>=25,INDEX(Sheet1!G:G,$G4),INDEX(Sheet1!F:F,$G4))} -> B25 | K4: {=INDEX(Sheet1!H:H,$G4)} -> 1 | L4: =IF($C4>=25,$C4-25,0) -> 0 | M4: =IF($C4>=25,0,$C4) -> 2 | N4: 30 | O4: 35
A5: {=INDEX(Sheet1!A:A,$F5)} -> M | B5: {=INDEX(Sheet1!B:B,$F5)} -> Super-Pref NS | C5: =IF(C4=120,0,C4+1) -> 3 | D5: {=OFFSET(INDIRECT("'["&$H5&"]"&$I5&"'!"&$J5),$L5,$M5)*$K5} -> 0.00027 | F5: =IF(C5=0,1,0)+F4 -> 2 | G5: {=IF($C5>=25,F5,IF($C5<16,INDEX(Sheet1!C:C,$F5),$F5))} -> 10 | H5: {=INDEX(Sheet1!D:D,$G5)} -> t1136.xlsx | I5: {=INDEX(Sheet1!E:E,$G5)} -> Sheet1 | J5: {=IF($C5>=25,INDEX(Sheet1!G:G,$G5),INDEX(Sheet1!F:F,$G5))} -> B25 | K5: {=INDEX(Sheet1!H:H,$G5)} -> 1 | L5: =IF($C5>=25,$C5-25,0) -> 0 | M5: =IF($C5>=25,0,$C5) -> 3 | N5: 40 | O5: 44
A6: {=INDEX(Sheet1!A:A,$F6)} -> M | B6: {=INDEX(Sheet1!B:B,$F6)} -> Super-Pref NS | C6: =IF(C5=120,0,C5+1) -> 4 | D6: {=OFFSET(INDIRECT("'["&$H6&"]"&$I6&"'!"&$J6),$L6,$M6)*$K6} -> 0.00021 | F6: =IF(C6=0,1,0)+F5 -> 2 | G6: {=IF($C6>=25,F6,IF($C6<16,INDEX(Sheet1!C:C,$F6),$F6))} -> 10 | H6: {=INDEX(Sheet1!D:D,$G6)} -> t1136.xlsx | I6: {=INDEX(Sheet1!E:E,$G6)} -> Sheet1 | J6: {=IF($C6>=25,INDEX(Sheet1!G:G,$G6),INDEX(Sheet1!F:F,$G6))} -> B25 | K6: {=INDEX(Sheet1!H:H,$G6)} -> 1 | L6: =IF($C6>=25,$C6-25,0) -> 0 | M6: =IF($C6>=25,0,$C6) -> 4 | N6: 50 | O6: 54
A7: {=INDEX(Sheet1!A:A,$F7)} -> M | B7: {=INDEX(Sheet1!B:B,$F7)} -> Super-Pref NS | C7: =IF(C6=120,0,C6+1) -> 5 | D7: {=OFFSET(INDIRECT("'["&$H7&"]"&$I7&"'!"&$J7),$L7,$M7)*$K7} -> 0.00021 | F7: =IF(C7=0,1,0)+F6 -> 2 | G7: {=IF($C7>=25,F7,IF($C7<16,INDEX(Sheet1!C:C,$F7),$F7))} -> 10 | H7: {=INDEX(Sheet1!D:D,$G7)} -> t1136.xlsx | I7: {=INDEX(Sheet1!E:E,$G7)} -> Sheet1 | J7: {=IF($C7>=25,INDEX(Sheet1!G:G,$G7),INDEX(Sheet1!F:F,$G7))} -> B25 | K7: {=INDEX(Sheet1!H:H,$G7)} -> 1 | L7: =IF($C7>=25,$C7-25,0) -> 0 | M7: =IF($C7>=25,0,$C7) -> 5 | N7: 60 | O7: 63
A8: {=INDEX(Sheet1!A:A,$F8)} -> M | B8: {=INDEX(Sheet1!B:B,$F8)} -> Super-Pref NS | C8: =IF(C7=120,0,C7+1) -> 6 | D8: {=OFFSET(INDIRECT("'["&$H8&"]"&$I8&"'!"&$J8),$L8,$M8)*$K8} -> 0.00022 | F8: =IF(C8=0,1,0)+F7 -> 2 | G8: {=IF($C8>=25,F8,IF($C8<16,INDEX(Sheet1!C:C,$F8),$F8))} -> 10 | H8: {=INDEX(Sheet1!D:D,$G8)} -> t1136.xlsx | I8: {=INDEX(Sheet1!E:E,$G8)} -> Sheet1 | J8: {=IF($C8>=25,INDEX(Sheet1!G:G,$G8),INDEX(Sheet1!F:F,$G8))} -> B25 | K8: {=INDEX(Sheet1!H:H,$G8)} -> 1 | L8: =IF($C8>=25,$C8-25,0) -> 0 | M8: =IF($C8>=25,0,$C8) -> 6 | N8: 70 | O8: 72
A9: {=INDEX(Sheet1!A:A,$F9)} -> M | B9: {=INDEX(Sheet1!B:B,$F9)} -> Super-Pref NS | C9: =IF(C8=120,0,C8+1) -> 7 | D9: {=OFFSET(INDIRECT("'["&$H9&"]"&$I9&"'!"&$J9),$L9,$M9)*$K9} -> 0.00022 | F9: =IF(C9=0,1,0)+F8 -> 2 | G9: {=IF($C9>=25,F9,IF($C9<16,INDEX(Sheet1!C:C,$F9),$F9))} -> 10 | H9: {=INDEX(Sheet1!D:D,$G9)} -> t1136.xlsx | I9: {=INDEX(Sheet1!E:E,$G9)} -> Sheet1 | J9: {=IF($C9>=25,INDEX(Sheet1!G:G,$G9),INDEX(Sheet1!F:F,$G9))} -> B25 | K9: {=INDEX(Sheet1!H:H,$G9)} -> 1 | L9: =IF($C9>=25,$C9-25,0) -> 0 | M9: =IF($C9>=25,0,$C9) -> 7
A10: {=INDEX(Sheet1!A:A,$F10)} -> M | B10: {=INDEX(Sheet1!B:B,$F10)} -> Super-Pref NS | C10: =IF(C9=120,0,C9+1) -> 8 | D10: {=OFFSET(INDIRECT("'["&$H10&"]"&$I10&"'!"&$J10),$L10,$M10)*$K10} -> 0.00022 | F10: =IF(C10=0,1,0)+F9 -> 2 | G10: {=IF($C10>=25,F10,IF($C10<16,INDEX(Sheet1!C:C,$F10),$F10))} -> 10 | H10: {=INDEX(Sheet1!D:D,$G10)} -> t1136.xlsx | I10: {=INDEX(Sheet1!E:E,$G10)} -> Sheet1 | J10: {=IF($C10>=25,INDEX(Sheet1!G:G,$G10),INDEX(Sheet1!F:F,$G10))} -> B25 | K10: {=INDEX(Sheet1!H:H,$G10)} -> 1 | L10: =IF($C10>=25,$C10-25,0) -> 0 | M10: =IF($C10>=25,0,$C10) -> 8
A11: {=INDEX(Sheet1!A:A,$F11)} -> M | B11: {=INDEX(Sheet1!B:B,$F11)} -> Super-Pref NS | C11: =IF(C10=120,0,C10+1) -> 9 | D11: {=OFFSET(INDIRECT("'["&$H11&"]"&$I11&"'!"&$J11),$L11,$M11)*$K11} -> 0.00023 | F11: =IF(C11=0,1,0)+F10 -> 2 | G11: {=IF($C11>=25,F11,IF($C11<16,INDEX(Sheet1!C:C,$F11),$F11))} -> 10 | H11: {=INDEX(Sheet1!D:D,$G11)} -> t1136.xlsx | I11: {=INDEX(Sheet1!E:E,$G11)} -> Sheet1 | J11: {=IF($C11>=25,INDEX(Sheet1!G:G,$G11),INDEX(Sheet1!F:F,$G11))} -> B25 | K11: {=INDEX(Sheet1!H:H,$G11)} -> 1 | L11: =IF($C11>=25,$C11-25,0) -> 0 | M11: =IF($C11>=25,0,$C11) -> 9
A12: {=INDEX(Sheet1!A:A,$F12)} -> M | B12: {=INDEX(Sheet1!B:B,$F12)} -> Super-Pref NS | C12: =IF(C11=120,0,C11+1) -> 10 | D12: {=OFFSET(INDIRECT("'["&$H12&"]"&$I12&"'!"&$J12),$L12,$M12)*$K12} -> 0.00023 | F12: =IF(C12=0,1,0)+F11 -> 2 | G12: {=IF($C12>=25,F12,IF($C12<16,INDEX(Sheet1!C:C,$F12),$F12))} -> 10 | H12: {=INDEX(Sheet1!D:D,$G12)} -> t1136.xlsx | I12: {=INDEX(Sheet1!E:E,$G12)} -> Sheet1 | J12: {=IF($C12>=25,INDEX(Sheet1!G:G,$G12),INDEX(Sheet1!F:F,$G12))} -> B25 | K12: {=INDEX(Sheet1!H:H,$G12)} -> 1 | L12: =IF($C12>=25,$C12-25,0) -> 0 | M12: =IF($C12>=25,0,$C12) -> 10
A13: {=INDEX(Sheet1!A:A,$F13)} -> M | B13: {=INDEX(Sheet1!B:B,$F13)} -> Super-Pref NS | C13: =IF(C12=120,0,C12+1) -> 11 | D13: {=OFFSET(INDIRECT("'["&$H13&"]"&$I13&"'!"&$J13),$L13,$M13)*$K13} -> 0.00027 | F13: =IF(C13=0,1,0)+F12 -> 2 | G13: {=IF($C13>=25,F13,IF($C13<16,INDEX(Sheet1!C:C,$F13),$F13))} -> 10 | H13: {=INDEX(Sheet1!D:D,$G13)} -> t1136.xlsx | I13: {=INDEX(Sheet1!E:E,$G13)} -> Sheet1 | J13: {=IF($C13>=25,INDEX(Sheet1!G:G,$G13),INDEX(Sheet1!F:F,$G13))} -> B25 | K13: {=INDEX(Sheet1!H:H,$G13)} -> 1 | L13: =IF($C13>=25,$C13-25,0) -> 0 | M13: =IF($C13>=25,0,$C13) -> 11
A14: {=INDEX(Sheet1!A:A,$F14)} -> M | B14: {=INDEX(Sheet1!B:B,$F14)} -> Super-Pref NS | C14: =IF(C13=120,0,C13+1) -> 12 | D14: {=OFFSET(INDIRECT("'["&$H14&"]"&$I14&"'!"&$J14),$L14,$M14)*$K14} -> 0.00033 | F14: =IF(C14=0,1,0)+F13 -> 2 | G14: {=IF($C14>=25,F14,IF($C14<16,INDEX(Sheet1!C:C,$F14),$F14))} -> 10 | H14: {=INDEX(Sheet1!D:D,$G14)} -> t1136.xlsx | I14: {=INDEX(Sheet1!E:E,$G14)} -> Sheet1 | J14: {=IF($C14>=25,INDEX(Sheet1!G:G,$G14),INDEX(Sheet1!F:F,$G14))} -> B25 | K14: {=INDEX(Sheet1!H:H,$G14)} -> 1 | L14: =IF($C14>=25,$C14-25,0) -> 0 | M14: =IF($C14>=25,0,$C14) -> 12
A15: {=INDEX(Sheet1!A:A,$F15)} -> M | B15: {=INDEX(Sheet1!B:B,$F15)} -> Super-Pref NS | C15: =IF(C14=120,0,C14+1) -> 13 | D15: {=OFFSET(INDIRECT("'["&$H15&"]"&$I15&"'!"&$J15),$L15,$M15)*$K15} -> 0.00039 | F15: =IF(C15=0,1,0)+F14 -> 2 | G15: {=IF($C15>=25,F15,IF($C15<16,INDEX(Sheet1!C:C,$F15),$F15))} -> 10 | H15: {=INDEX(Sheet1!D:D,$G15)} -> t1136.xlsx | I15: {=INDEX(Sheet1!E:E,$G15)} -> Sheet1 | J15: {=IF($C15>=25,INDEX(Sheet1!G:G,$G15),INDEX(Sheet1!F:F,$G15))} -> B25 | K15: {=INDEX(Sheet1!H:H,$G15)} -> 1 | L15: =IF($C15>=25,$C15-25,0) -> 0 | M15: =IF($C15>=25,0,$C15) -> 13
A16: {=INDEX(Sheet1!A:A,$F16)} -> M | B16: {=INDEX(Sheet1!B:B,$F16)} -> Super-Pref NS | C16: =IF(C15=120,0,C15+1) -> 14 | D16: {=OFFSET(INDIRECT("'["&$H16&"]"&$I16&"'!"&$J16),$L16,$M16)*$K16} -> 0.00047 | F16: =IF(C16=0,1,0)+F15 -> 2 | G16: {=IF($C16>=25,F16,IF($C16<16,INDEX(Sheet1!C:C,$F16),$F16))} -> 10 | H16: {=INDEX(Sheet1!D:D,$G16)} -> t1136.xlsx | I16: {=INDEX(Sheet1!E:E,$G16)} -> Sheet1 | J16: {=IF($C16>=25,INDEX(Sheet1!G:G,$G16),INDEX(Sheet1!F:F,$G16))} -> B25 | K16: {=INDEX(Sheet1!H:H,$G16)} -> 1 | L16: =IF($C16>=25,$C16-25,0) -> 0 | M16: =IF($C16>=25,0,$C16) -> 14
A17: {=INDEX(Sheet1!A:A,$F17)} -> M | B17: {=INDEX(Sheet1!B:B,$F17)} -> Super-Pref NS | C17: =IF(C16=120,0,C16+1) -> 15 | D17: {=OFFSET(INDIRECT("'["&$H17&"]"&$I17&"'!"&$J17),$L17,$M17)*$K17} -> 0.00061 | F17: =IF(C17=0,1,0)+F16 -> 2 | G17: {=IF($C17>=25,F17,IF($C17<16,INDEX(Sheet1!C:C,$F17),$F17))} -> 10 | H17: {=INDEX(Sheet1!D:D,$G17)} -> t1136.xlsx | I17: {=INDEX(Sheet1!E:E,$G17)} -> Sheet1 | J17: {=IF($C17>=25,INDEX(Sheet1!G:G,$G17),INDEX(Sheet1!F:F,$G17))} -> B25 | K17: {=INDEX(Sheet1!H:H,$G17)} -> 1 | L17: =IF($C17>=25,$C17-25,0) -> 0 | M17: =IF($C17>=25,0,$C17) -> 15
A18: {=INDEX(Sheet1!A:A,$F18)} -> M | B18: {=INDEX(Sheet1!B:B,$F18)} -> Super-Pref NS | C18: =IF(C17=120,0,C17+1) -> 16 | D18: {=OFFSET(INDIRECT("'["&$H18&"]"&$I18&"'!"&$J18),$L18,$M18)*$K18} -> 0.00041 | F18: =IF(C18=0,1,0)+F17 -> 2 | G18: {=IF($C18>=25,F18,IF($C18<16,INDEX(Sheet1!C:C,$F18),$F18))} -> 2 | H18: {=INDEX(Sheet1!D:D,$G18)} -> 2001-cso-preferred-class-structure-mortality-tables.xls | I18: {=INDEX(Sheet1!E:E,$G18)} -> A.1.a.i | J18: {=IF($C18>=25,INDEX(Sheet1!G:G,$G18),INDEX(Sheet1!F:F,$G18))} -> B8 | K18: {=INDEX(Sheet1!H:H,$G18)} -> 0.001 | L18: =IF($C18>=25,$C18-25,0) -> 0 | M18: =IF($C18>=25,0,$C18) -> 16
A19: {=INDEX(Sheet1!A:A,$F19)} -> M | B19: {=INDEX(Sheet1!B:B,$F19)} -> Super-Pref NS | C19: =IF(C18=120,0,C18+1) -> 17 | D19: {=OFFSET(INDIRECT("'["&$H19&"]"&$I19&"'!"&$J19),$L19,$M19)*$K19} -> 0.00047 | F19: =IF(C19=0,1,0)+F18 -> 2 | G19: {=IF($C19>=25,F19,IF($C19<16,INDEX(Sheet1!C:C,$F19),$F19))} -> 2 | H19: {=INDEX(Sheet1!D:D,$G19)} -> 2001-cso-preferred-class-structure-mortality-tables.xls | I19: {=INDEX(Sheet1!E:E,$G19)} -> A.1.a.i | J19: {=IF($C19>=25,INDEX(Sheet1!G:G,$G19),INDEX(Sheet1!F:F,$G19))} -> B8 | K19: {=INDEX(Sheet1!H:H,$G19)} -> 0.001 | L19: =IF($C19>=25,$C19-25,0) -> 0 | M19: =IF($C19>=25,0,$C19) -> 17
A20: {=INDEX(Sheet1!A:A,$F20)} -> M | B20: {=INDEX(Sheet1!B:B,$F20)} -> Super-Pref NS | C20: =IF(C19=120,0,C19+1) -> 18 | D20: {=OFFSET(INDIRECT("'["&$H20&"]"&$I20&"'!"&$J20),$L20,$M20)*$K20} -> 0.0005 | F20: =IF(C20=0,1,0)+F19 -> 2 | G20: {=IF($C20>=25,F20,IF($C20<16,INDEX(Sheet1!C:C,$F20),$F20))} -> 2 | H20: {=INDEX(Sheet1!D:D,$G20)} -> 2001-cso-preferred-class-structure-mortality-tables.xls | I20: {=INDEX(Sheet1!E:E,$G20)} -> A.1.a.i | J20: {=IF($C20>=25,INDEX(Sheet1!G:G,$G20),INDEX(Sheet1!F:F,$G20))} -> B8 | K20: {=INDEX(Sheet1!H:H,$G20)} -> 0.001 | L20: =IF($C20>=25,$C20-25,0) -> 0 | M20: =IF($C20>=25,0,$C20) -> 18
... A2179: {=INDEX(Sheet1!A:A,$F2179)} -> F | B2179: {=INDEX(Sheet1!B:B,$F2179)} -> Agg/Unknown | C2179: =IF(C2178=120,0,C2178+1) -> 120 | D2179: {=OFFSET(INDIRECT("'["&$H2179&"]"&$I2179&"'!"&$J2179),$L2179,$M2179)*$K2179} -> 1 | F2179: =IF(C2179=0,1,0)+F2178 -> 19 | G2179: {=IF($C2179>=25,F2179,IF($C2179<16,INDEX(Sheet1!C:C,$F2179),$F2179))} -> 19 | H2179: {=INDEX(Sheet1!D:D,$G2179)} -> t1139.xlsx | I2179: {=INDEX(Sheet1!E:E,$G2179)} -> Sheet1 | J2179: {=IF($C2179>=25,INDEX(Sheet1!G:G,$G2179),INDEX(Sheet1!F:F,$G2179))} -> B139 | K2179: {=INDEX(Sheet1!H:H,$G2179)} -> 1 | L2179: =IF($C2179>=25,$C2179-25,0) -> 95 | M2179: =IF($C2179>=25,0,$C2179) -> 0
